t,x,y,dx,dy
0.0,10.969263459569124,4.862159633931916,-17.21745683597451,-10.667020544179984
0.01,10.797088891209379,4.755489428490116,-16.122971220845443,-10.421937837999053
0.02,10.646804035152215,4.653720877171935,-14.693635757640777,-7.855653207219234
0.03,10.503216176056561,4.598376364345731,-14.358785909565343,-5.534451282620357
