t,x,y,dx,dy
0.0,8.892976813451245,6.094610032937309,-13.899811057725664,-9.624466961335187
0.01,8.753978702873988,5.998365363323957,-13.356911082057536,-10.924515357379903
0.02,8.625838591810094,5.876119725789711,-11.801665959902948,-11.187060195776837
0.03,8.51794538367593,5.774624159408421,-10.789320813416483,-10.149556638129022
