t,x,y,dx,dy
0.0,10.008931709617354,5.004357237827781,-5.236741045430371,-7.908308972006672
0.01,9.95656429916305,4.9252741481077145,-4.655227580562098,-10.575565645486478
0.02,9.915827158006111,4.792845924918051,-4.377918799398969,-10.95458186757918
0.03,9.86900592317507,4.706182510756131,-4.682123483104129,-8.666341416192049
